id точки,Адрес,Широта,Долгота,Дата открытия,Дата закрытия,Площадь магазина,Тип входа,Площадь ТЦ,Формат магазина,Парковка,Этаж,Время работы,Заполненность ТЦ,Рядом с эскалатором,Рядом со входом,Конкуренты в ТЦ,Расположение в ТЦ,Толока,Люкс,Выборка
8955," Оренбургская обл, Оренбург г, Шарлыкское ш, дом № 1/2, ТЦ ""Армада""",55.118272,51.843127,11/9/2016,,478,без сквозного прохода,130000,ТЦ,бесплатная парковка,3,с 10:00 до 22:00,,0,0,1,7,38,70,Обучающая
11007,"Алтайский край, г. Барнаул, ул. Малахова, дом № 86В, ТРЦ ""Весна""",83.696799,53.356954,4/26/2010,,332,сквозной проход,31500,ТЦ,бесплатная парковка,1,с 10:00 до 22:00,,0,1,,9,58,67,Обучающая
11366,"Амурская область, Благовещенск, улица Мухина, 114",127.510357,50.280435,8/25/2017,,356,без сквозного прохода,36000,ТЦ,бесплатная парковка,1,с 10:00 до 22:00,3,0,1,1,6,50,69,Обучающая
11810,"Архангельская обл, г. Архангельск , Троицкий пр., дом № 17, ТРЦ ""Европарк""",40.528249,64.532316,11/3/2012,,317,отдельный вход с улицы + сквозной проход,35000,ТЦ,бесплатная парковка,1,с 10:00 до 21:00,3,0,1,0,10,128,65,Обучающая
15041,"Архангельская обл, г. Архангельск, Троицкий пр., дом № 20, ТК ""Гранд Плаза""",40.526317,64.534327,12/9/2006,,176,сквозной проход,15332,ТЦ,бесплатная парковка,цоколь,с 10:00 до 21:00,3,1,0,,0,103,78,Тестовая
15087,"Архангельская обл, г. Архангельск, ул. Воскресенская, дом № 20",40.535400,64.541900,11/20/2014,,416,без сквозного прохода,60000,ТЦ,бесплатная парковка,1,с 10:00 до 21:00,3,1,1,,"10,5",71,67,Тестовая
15621,"Архангельская обл, г. Северодвинск, ул. Ломоносова, дом № 81, ЦУМ",39.785522,64.550364,11/9/2003,,178,сквозной проход,20000,ТЦ,бесплатная парковка,1,с 10:00 до 21:00,3,0,0,0,8,83,64,Обучающая
15775,"Астраханская обл, г. Астрахань, ул. Боевая, дом № 25, ТРЦ ""Алимпик""",48.023172,46.338313,2/5/2014,,521,без сквозного прохода,130000,ТЦ,100,1,с 10:00 до 22:00,,0,1,1,8,39,63,Обучающая
16102,"Барнаул г, Ленина пр-кт, дом № 102В, ТЦ ""Пионер""",83.764275,53.362114,6/7/2017,,369,отдельный вход с улицы + сквозной проход,80000,ТЦ,бесплатная парковка,1,с 10:00 до 22:00,0,0,0,0,"1,5",28,66,Обучающая
16119,"Башкортостан Респ, Уфа г, Цюрупы ул, дом № 97 лит. Е2, ТК ""Центральный""",55.958263,54.736556,5/23/2018,,662,сквозной проход,48000,ТЦ,бесплатная парковка,1,с 10:00 до 22:00,3,1,1,,10,83,71,Тестовая
16418,"Белгородская обл, г. Белгород, ул. 50-летия Белгородской области, дом № 11, универмаг ""Маяк""",36.584564,50.599074,4/16/2014,,462,без сквозного прохода,3400,ТЦ,бесплатная парковка,3,с 10:00 до 20:00,3,0,1,,7,49,75,Обучающая
16823,"Белгородская обл, Старооскольский р-он, г. Старый Оскол, Ольминского мкр, дом № 17, ТЦ ""БОШЕ""",37.873053,51.309219,6/18/2013,,497,сквозной проход,40000,ТЦ,бесплатная парковка,1,с 9:00 до 21:00,3,1,0,0,10,42,64,Обучающая
16971,"Брянская обл, Брянск г, Объездная ул, дом № 30, ТРЦ ""АЭРОПАРК""",34.316298,53.279638,6/15/2013,,337,без сквозного прохода,101000,ТЦ,бесплатная парковка,1,с 10:00 до 22:00,3,0,1,1,6,39,68,Обучающая
17684,"Владимирская обл, г. Владимир, ул. Большая Московская, дом № 19А, ТК ""Торговые ряды""",40.402853,56.128696,1/23/2012,,379,без сквозного прохода,26000,ТЦ,бесплатная парковка,1,с 10:00 до 22:00,,0,1,,8,50,63,Обучающая
17983,"Владимирская обл, г. Владимир, ул. Тракторная, дом № 45, ТЦ ""Мегаторг""",40.387096,56.149200,6/27/2008,,227,без сквозного прохода,40000,ТЦ,бесплатная парковка,1,с 10:00 до 22:00,2,1,0,,4,56,71,Тестовая
17987,"Волгоградская обл, Волгоград г, Университетский пр-кт, дом № 107, ТРЦ ""Акварель""",44.434011,48.637886,10/31/2016,,993,без сквозного прохода,,ТЦ,бесплатная парковка,1,,2,2,2,,13,71,92,Обучающая
18010,"Волгоградская обл, г. Волгоград, ул. Рабоче-Крестьянская, дом № 8",44.501075,48.698107,3/14/2010,,386,отдельный вход с улицы,,Street,,1,с 10:00 до 21:00,3,1,0,,,19,69,Обучающая
18229,"Волгоградская обл, г. Волжский, ул. Александрова, дом № 18а",44.800322,48.772425,4/23/2014,,283,без сквозного прохода,44750,ТЦ,бесплатная парковка,1,с 10:00 до 22:00,,0,1,1,10,30,55,Обучающая
18331,"Вологодская обл, г. Череповец, Советский пр., дом № 49, ТЦ ""Адалар""",37.930204,59.125277,2/21/2007,,234,единственный вход в ТК,,Мини ТЦ,бесплатная парковка,1,с 10:00 до 21:00,3,1,0,,3,33,49,Обучающая
18497,"Вологодская обл, г. Череповец, ул. Ленинградская, дом № 1, ТЦ ""Северо-Запад""",37.913379,59.099684,1/12/2006,,351,без сквозного прохода,19834,ТЦ,бесплатная парковка,1,Пн-Сб с 10:00 до 21:00 Вс с 10:00 до 20:00,1,0,0,,6,24,51,Обучающая
18527,"Воронежская обл, Воронеж г, Революции пр-кт, дом № 38, ЦУМ",39.206573,51.668036,9/5/2016,,836,отдельный вход с улицы + сквозной проход,,ТЦ,платная парковка,1,,2,1,1,,13,55,43,Обучающая
18531,"Воронежская обл, г. Воронеж, бул. Победы, дом № 23Б, ТРК ""Арена""",39.168108,51.710399,1/31/2011,,340,без сквозного прохода,65000,ТЦ,бесплатная парковка,1,с 10:00 до 22:00,3,1,1,,11,61,66,Тестовая
18568,"Воронежская обл, г. Воронеж, ул. Кольцовская, дом № 35, ТРЦ ""Центр Галереи Чижова""",39.191736,51.666341,4/12/2008,,248,без сквозного прохода,130000,ТЦ,бесплатная парковка,1,с 10:00 до 22:00,3,0,0,1,6,97,78,Обучающая
18710,"г. Великий Новгород, ул. Большая Санкт-Петербургская, дом № 39, ТЦ ""Волна""",31.263348,58.539009,3/16/2010,,356,сквозной проход,20000,ТЦ,бесплатная парковка,1,с 10:00 до 21:00,,0,1,,5,69,71,Обучающая
18728,"г. Вологда, ул. Благовещенская, дом № 4, ЦУМ",39.884911,59.220169,7/13/2010,,189,сквозной проход,7000,Мини ТЦ,нет парковки,1,Пн-Пт с 9:00 до 20:00    Сб с 10:00 до 19:00         Вс с 10:00 до 18:00,,1,1,,10,83,56,Обучающая
18784,"г. Москва, Волгоградский пр., дом № 125, ТК ""Мираж""",37.768487,55.705561,2/14/2011,,234,без сквозного прохода,16000,ТЦ,бесплатная парковка,1,с 10:00 до 21:00,3,1,1,,9,71,92,Тестовая
18902,"г. Москва, Головинское ш., дом № 5, ТЦ ""Водный""",37.493000,55.840000,11/8/2014,,456,сквозной проход,50530,ТЦ,бесплатная парковка,1,с 10:00 до 22:00,3,1,1,,11,45,67,Тестовая
18905,"г. Москва, Дмитровское ш., вл. 163а, ТРЦ ""РИО""",37.540088,55.909385,2/20/2009,,204,сквозной проход,220000,ТЦ,бесплатная парковка,цоколь,с 10:00 до 22:00,1,1,0,0,8,97,86,Обучающая
18924,"г. Москва, Зеленый пр., дом № 62, ТК ""Шангал""",37.819768,55.750853,12/23/2014,,337,без сквозного прохода,13000,ТЦ,нет парковки,1,с 10:00 до 22:00,3,1,0,,9,66,73,Обучающая
18931,"г. Москва, Калужское ш., 21 км, С1, ТРЦ ""Мега""",37.491161,55.603834,10/29/2010,2018-03-18,425,без сквозного прохода,180500,ТЦ,бесплатная парковка,1,c 10:00 до 24:00,3,1,0,,9,91,105,-
41824,"г. Москва, Комсомольский пр., дом № 24, стр. 1, ТЦ ""К-24""",37.580360,55.728076,10/9/2009,,265,сквозной проход,7600,Мини ТЦ,платная парковка,1,с 10:00 до 22:00,3,0,0,,7,53,76,Обучающая
41827,"г. Москва, Ленинградский пр., дом № 62 А, ТК ""Галерея Аэропорт""",37.533575,55.800978,1/2/2011,,186,сквозной проход,12000,ТЦ,бесплатная парковка,1,с 9:00 до 23:00,3,0,1,,10,55,76,Обучающая
41842,"г. Москва, Ленинградское ш., дом № 16А, Башня 1",37.497746,55.821386,12/6/2016,,984,отдельный вход с улицы + сквозной проход,,Street,платная парковка,1,с 10:00 до 22:00,3,1,0,,,20,62,Обучающая
41849,"г. Москва, Манежная пл., дом № 1, стр. 2, ТК ""Охотный Ряд""",37.612220,55.753362,11/4/2011,,243,без сквозного прохода,62711,ТЦ,платная парковка,1,с 10:00 до 22:00,3,1,1,,9,248,90,Тестовая
41856,"г. Москва, МКАД, 24-й километр 1, МТК ""Вегас""",37.724657,55.586797,3/15/2012,,292,сквозной проход,396000,ТЦ,бесплатная парковка,1,Вс-Чт c 10:00 до 23:00           Пт-Сб с 10:00 до 24:00,3,0,1,1,6,56,69,Обучающая
41875,"г. Москва, МКАД, 66-й километр 1, ТРК ""VEGAS""",37.387900,55.820600,8/20/2019,,821,без сквозного прохода,285000,ТЦ,бесплатная парковка,1,Вс-Чт c 10:00 до 23:00           Пт-Сб с 10:00 до 24:00,3,1,0,,9,52,63,Тестовая
41879,"г. Москва, МКАД, 84-й километр 1, ТРЦ ""Весна""",37.585656,55.913011,9/12/2011,,241,без сквозного прохода,126000,ТЦ,бесплатная парковка,1,с 10:00 до 22:00,3,1,0,1,10,35,70,Обучающая
41882,"г. Москва, Ореховый бул., дом № 22 А, ТРК ""Облака""",37.732699,55.611969,11/25/2010,,406,без сквозного прохода,95600,ТЦ,бесплатная парковка,1,с 10:00 до 22:00,1,0,1,1,8,55,63,Обучающая
41890,"г. Москва, пл. Киевского Вокзала, дом № 2",37.566100,55.744600,10/22/2015,,250,без сквозного прохода,180000,ТЦ,платная парковка,1,Вс-Чт с 10:00 до 22:00 Пт-Сб с 10:00 до 23:00,3,1,0,,11,163,86,Тестовая
41897,"г. Москва, Пресненская наб., дом № 2, МТРЦ ""Афимолл Сити""",37.538741,55.748823,7/15/2011,,384,без сквозного прохода,179423,ТЦ,платная парковка,1,Вс-Чт c 10:00 до 22:00           Пт-Сб с 10:00 до 23:00,3,0,0,2,12,90,103,Обучающая
41900,"г. Москва, Рублевское ш., дом № 52, корпус А, ТК ""Западный""",37.402900,55.755500,4/1/2015,,1203,без сквозного прохода,25340,ТЦ,бесплатная парковка,цоколь,с 10:00 до 22:00,1,0,0,,4,39,76,Обучающая
41904,"г. Москва, Рублевское ш., дом № 62, МТК ""Европарк""",37.381188,55.766611,6/25/2013,,315,без сквозного прохода,86000,ТЦ,бесплатная парковка,1,с 10:00 до 22:00,3,1,0,2,13,27,80,Обучающая
41910,"г. Москва, Рязанский пр., дом № 2, корпус 2, ТК ""Город""",37.737089,55.730376,3/17/2009,,265,без сквозного прохода,127850,ТЦ,бесплатная парковка,1,с 10:00 до 22:00,3,1,0,1,9,50,71,Обучающая
41914,"г. Москва, ул. Б. Черемушкинская, дом № 1, ТРЦ ""РИО – 2""",37.602001,55.689265,1/18/2010,,440,без сквозного прохода,92000,ТЦ,бесплатная парковка,,с 10:00 до 22:00,3,0,0,1,11,21,60,Обучающая
41923,"г. Москва, ул. Большая Тульская, дом № 13, ТРК ""Ереван Плаза""",37.622139,55.708628,9/27/2007,,325,без сквозного прохода,38150,ТЦ,платная парковка,1,с 10:00 до 22:00,3,1,0,1,14,55,43,Обучающая
41927,"г. Москва, ул. Енисейская 19, корп 1, ТЦ ""Радужный""",37.663061,55.869127,5/7/2008,,378,сквозной проход,7000,ТЦ,платная парковка,1,с 10:00 до 22:00,3,1,1,,12,137,70,Обучающая
41930,"г. Москва, ул. Земляной Вал, дом № 33, Атриум",37.658989,55.756983,7/5/2010,,199,без сквозного прохода,103500,ТЦ,платная парковка,1,с 10:00 до 23:00,3,1,1,,9,157,90,Тестовая
41933,"г. Москва, ул. Краснодарская, дом № 51, корпус 2, ТК ""Люблинский Пассаж""",37.765400,55.677300,7/3/2012,,507,без сквозного прохода,6000,Мини ТЦ,нет парковки,1,с 10:00 до 22:00,0,0,0,,4,52,68,Обучающая
41937,"г. Москва, ул. Люблинская, дом № 153, ТК ""Л-153""",37.741900,55.658800,4/18/2011,,447,без сквозного прохода,70000,ТЦ,бесплатная парковка,1,с 10:00 до 22:00,1,1,1,,7,45,63,Тестовая
41942,"г. Москва, ул. Планерная, дом № 7, ТПУ ""Планерная""",37.434854,55.862483,10/19/2007,,216,без сквозного прохода,50380,ТЦ,нет парковки,1,с 10:00 до 22:00,2,1,1,,9,79,69,Тестовая
41952,"г. Москва, ул. Профсоюзная, дом № 129 А, ТРК ""Принц Плаза""",37.507366,55.618145,4/1/2009,,331,отдельный вход с улицы + сквозной проход,115000,ТЦ,платная парковка,1,с 10:00 до 22:00,3,0,0,0,2,103,75,Обучающая
41955,"г. Москва, ул. Старокачаловская, дом № 5А, ТЦ ""Круг""",37.580600,55.570000,5/30/2014,,223,отдельный вход с улицы + сквозной проход,10000,ТЦ,платная парковка,1,с 10:00 до 22:00,3,1,1,,9,140,70,Тестовая
41958,"г. Москва, ул. Хачатуряна, вл. 15 Б, ТЦ ""ВВС"", м. «Отрадное»",37.604071,55.863050,3/6/2013,,259,сквозной проход,,ТЦ,нет парковки,1,с 10:00 до 22:00,,0,0,,9,68,77,Обучающая
41962,"г. Москва, ул. Щукинская, дом № 42, ТРК ""Щука""",37.464292,55.809442,7/27/2013,,190,сквозной проход,98800,ТЦ,бесплатная парковка,1,с 10:00 до 22:00,3,1,1,,13,101,75,Тестовая
41978,"г. Москва, ул. Яблочкова, дом № 21а, ТЦ ""Тимирязевский""",37.578314,55.819359,3/17/2008,,267,сквозной проход,5410,ТЦ,нет парковки,1,с 10:00 до 21:00,2,0,1,,7,33,71,Тестовая
41988,"г. Москва, Цветной бульвар, дом № 15, стр. 1",37.619846,55.771051,4/6/2009,,365,сквозной проход,36500,ТЦ,платная парковка,1,с 10:00 до 22:00 ,3,0,1,,7,121,124,Обучающая
41991,"г. Москва, ш. Энтузиастов, дом № 12, корпус 2, ТРК ""Город 2""",37.705500,55.748700,12/16/2011,,314,сквозной проход,240000,ТЦ,бесплатная парковка,1,с 10:00 до 22:00,,0,0,1,7,57,72,Обучающая
41995,"г. Санкт-Петербург, Балканская пл., дом № 5, Литера В, ТК ""Балканский"" (павильон ""Пассаж"")",30.375956,59.831883,10/5/2005,,237,отдельный вход с улицы + сквозной проход,57430,ТЦ,нет парковки,3,с 10:00 до 22:00,3,1,1,0,10,75,77,Обучающая
41998,"г. Санкт-Петербург, Балканская пл., дом № 5, Литера Ю, ТРК ""Балкания NOVA 1""",30.375804,59.832204,10/27/2004,,179,без сквозного прохода,74000,ТЦ,бесплатная парковка,1,с 10:00 до 22:00,,0,1,0,10,91,86,Обучающая
42001,"г. Санкт-Петербург, Большой пр., дом № 55/6, Дом Красоты Рив Гош",30.306920,59.962369,10/13/2011,,342,отдельный вход с улицы,,Street,,1,с 10:00 до 22:00,,0,1,,,33,86,Обучающая
42009,"г. Санкт-Петербург, Владимирский пр., дом № 19, ТК ""Владимирский Пассаж""",30.346860,59.928550,11/15/2005,,176,отдельный вход с улицы + сквозной проход,27000,ТЦ,нет парковки,1,с 10:00 до 22:00,2,1,1,,8,64,71,Обучающая
42011,"г. Санкт-Петербург, г. Колпино, ул. Пролетарская, дом № 36, литера А",30.583449,59.740507,12/10/2009,,398,без сквозного прохода,23000,ТЦ,бесплатная парковка,1,с 10:00 до 22:00,1,0,1,,9,51,62,Обучающая
42013,"г. Санкт-Петербург, Гражданский пр., дом № 41, ТРЦ ""Академ Парк""",30.397936,60.011450,7/26/2006,,155,без сквозного прохода,32500,ТЦ,бесплатная парковка,1,с 10:00 до 22:00,3,1,1,,11,113,91,Обучающая
42019,"г. Санкт-Петербург, Заневский пр., дом № 67, корпус 2, Литера А, ТК ""Заневский Каскад-1""",30.437959,59.933024,5/13/2009,,263,отдельный вход с улицы + сквозной проход,37000,ТЦ,бесплатная парковка,1,с 10:00 до 22:00,3,0,0,0,5,95,81,Обучающая
42024,"г. Санкт-Петербург, Коломяжский пр., дом № 15, корпус 2, Литера А, ТК ""Купеческий двор""",30.299393,60.002171,5/21/2002,,121,сквозной проход,1532,ТЦ,нет парковки,1,с 10:00 до 21:00,3,1,1,0,8,76,75,Обучающая
42028,"г. Санкт-Петербург, Комендантская пл., дом № 1, Литера А, ТРК ""Атмосфера""",30.259552,60.007575,11/4/2010,,270,без сквозного прохода,47600,ТЦ,платная парковка,1,с 10:00 до 22:00,3,1,0,,12,89,91,Тестовая
42039,"г. Санкт-Петербург, Ленинский пр., дом № 128, универмаг ""Нарвский""",30.265561,59.852265,9/25/2006,,148,отдельный вход с улицы,6000,Мини ТЦ,нет парковки,1,Пн-Сб с 10:00 до 21:00  Вс с 11:00 до 21:00,1,0,0,1,2,82,94,Обучающая
42042,"г. Санкт-Петербург, Лиговский пр., дом № 153, ТК ""Лиговъ""",30.347534,59.914854,1/28/2014,,449,без сквозного прохода,34400,ТЦ,платная парковка,1,с 10:00 до 22:00,1,0,0,0,5,27,68,Обучающая
42049,"г. Санкт-Петербург, Лиговский пр., дом № 30, Литера А, ТРЦ ""Галерея""",30.360640,59.927410,9/3/2013,,400,без сквозного прохода,192000,ТЦ,платная парковка,1,с 10:00 до 23:00,3,0,0,2,12,236,104,Обучающая
42051,"г. Санкт-Петербург, Московский пр., дом № 205, Литера Б, универмаг ""Московский""",30.320466,59.845018,10/30/2006,,173,отдельный вход с улицы,25000,Street,бесплатная парковка,1,Пн-Сб с 10:00 до 21:00  Вс с 11:00 до 21:00,,0,1,0,,98,114,Обучающая
42056,"г. Санкт-Петербург, Московский пр., дом № 34/36",30.318644,59.915188,6/18/2006,,193,отдельный вход с улицы,,Street,,1,с 10:00 до 22:00,,0,0,,,25,73,Обучающая
42057,"г. Санкт-Петербург, наб. Обводного Канала, дом № 118, РТК ""Варшавский экспресс""",30.307252,59.906554,1/27/2009,,241,сквозной проход,32845,ТЦ,бесплатная парковка,1,с 10:00 до 22:00,2,1,1,,5,25,48,Тестовая
42059,"г. Санкт-Петербург, Невский пр., дом № 27",30.327007,59.935056,3/3/2005,,234,отдельный вход с улицы,,Стрит,,1,с 10:00 до 22:00,,0,1,,3,77,78,Тестовая
42067,"г. Санкт-Петербург, Невский пр., дом № 48, ТД ""Пассаж""",30.334499,59.935376,8/2/2008,,242,отдельный вход с улицы + сквозной проход,15000,Мини ТЦ,нет парковки,1,Пн-Сб с 10:00 до 21:00  Вс с 11:00 до 21:00,3,0,1,,8,109,87,Тестовая
42072,"г. Санкт-Петербург, Невский пр., дом № 90-92, литера А",30.352412,59.932428,9/16/2003,,136,отдельный вход с улицы,,Стрит,,3,с 10:00 до 22:00,,0,1,0,,44,75,Тестовая
42075,"г. Санкт-Петербург, Петергофское ш., дом № 51, Литера А, ТК ""Жемчужная плаза""",30.144245,59.849202,12/1/2013,,379,отдельный вход с улицы,94000,ТЦ,бесплатная парковка,1,с 10:00 до 22:00,3,1,1,,8,88,79,Тестовая
42080,"г. Санкт-Петербург, пл. Александра Невского, дом № 2, МФК ""Москва""",30.386566,59.924573,8/1/2006,,304,отдельный вход с улицы,90000,ТЦ,платная парковка,1,с 10:00 до 21:00,,0,1,0,10,51,67,Обучающая
42085,"г. Санкт-Петербург, пл. Александра Невского, дом № 2, МФК ""Москва""",30.386566,59.924573,6/20/2007,,313,отдельный вход с улицы,90000,ТЦ,платная парковка,1,с 10:00 до 21:00,,0,1,0,10,51,67,Обучающая
42089,"г. Санкт-Петербург, Полюстровский пр., дом № 80-84, Литера А, ТРК ""Европолис""",30.353948,59.987672,3/6/2014,,377,без сквозного прохода,141500,ТЦ,бесплатная парковка,1,с 10:00 до 22:00,,1,0,1,14,81,75,Обучающая
42090,"г. Санкт-Петербург, пр. Большевиков, дом № 18, корпус 2, Литера А, ТК ""Невский 2""",30.483602,59.908701,11/24/2004,,236,без сквозного прохода,51200,ТЦ,бесплатная парковка,1,с 10:00 до 22:00,2,1,0,,7,81,81,Тестовая
42100,"г. Санкт-Петербург, пр. Большевиков, дом № 3, корпус 1, Литера А",30.471393,59.917637,7/7/2010,,180,отдельный вход с улицы,,Street,,1,с 10:00 до 22:00,3,1,1,,,33,69,Обучающая
42102,"г. Санкт-Петербург, пр. Просвещения, дом № 19, Литера А, ТК ""Норд""",30.331420,60.052505,2/9/2002,,144,сквозной проход,63000,ТЦ,платная парковка,1,с 10:00 до 22:00,1,1,1,0,4,138,104,Тестовая
42113,"г. Санкт-Петербург, пр. Просвещения, дом № 84, корпус 1, ТК ""Северная Галерея""",30.414297,60.037104,3/14/2008,,297,отдельный вход с улицы + сквозной проход,,Мини-ТЦ,нет парковки,1,с 11:00 до 21:00,,0,0,,3,92,76,Обучающая
42117,"г. Санкт-Петербург, пр. Стачек, дом № 99, Литера А, ТРЦ ""Континент""",30.248741,59.858696,8/18/2008,,316,без сквозного прохода,69320,ТЦ,бесплатная парковка,1,с 10:00 до 22:00,0,0,1,1,10,56,75,Обучающая
42118,"г. Санкт-Петербург, пр. Чернышевского, дом № 17, Литера А",30.358883,59.944349,10/7/2004,,240,отдельный вход с улицы,,Street,,1,Вс-Чт c 10:00 до 21:00           Пт-Сб с 10:00 до 22:00,,0,0,,,35,73,Обучающая
42122,"г. Санкт-Петербург, пр. Энгельса, дом № 120, ТЦ ""Озерки""",30.321797,60.037216,5/18/2004,4/10/2017,112,без сквозного прохода,16000,ТЦ,бесплатная парковка,1,с 10:00 до 22:00,,0,0,2,9,36,48,-
42128,"г. Санкт-Петербург, пр. Энгельса, дом № 154, Литера А",30.335281,60.058565,10/27/2013,,578,без сквозного прохода,75000,ТЦ,бесплатная парковка,1,с 10:00 до 22:00,,0,0,1,10,59,68,Обучающая
42132,"г. Санкт-Петербург, Средний проспект В.О., дом № 35, пом. 3Н, Литера А",30.276770,59.942885,5/7/2001,,108,отдельный вход с улицы,,Street,,1,с 10:00 до 21:00,,0,0,0,,32,48,Обучающая
42133,"г. Санкт-Петербург, ул. Байконурская, дом № 14, Литера А, ТРК "" Континент""",30.272623,60.002148,3/8/2009,,293,без сквозного прохода,44270,ТЦ,бесплатная парковка,1,с 10:00 до 22:00,2,1,1,,10,35,74,Тестовая
42135,"г. Санкт-Петербург, ул. Балканская, дом № 17, ТРК ""Балканский"" (павильон ""БАЛКАНИЯ NOVA 2"")",30.380018,59.826235,8/2/2013,2018-03-09,443,сквозной проход,93000,ТЦ,бесплатная парковка,1,с 10:00 до 22:00,3,1,1,,11,32,57,
42151,"г. Санкт-Петербург, ул. Белы Куна, дом № 3, Литера А, ТРК ""Международный""",30.379806,59.870148,5/22/2014,,329,отдельный вход с улицы,46400,ТЦ,нет парковки,1,с 10:00 до 22:00,3,0,1,0,10,65,84,Обучающая
42155,"г. Санкт-Петербург, ул. Бухарестская, дом № 30, ТРЦ ""Континент""",30.370001,59.883151,7/29/2014,,443,без сквозного прохода,90000,ТЦ,бесплатная парковка,1,с 10:00 до 22:00,3,1,1,0,5,32,59,Обучающая
42156,"г. Санкт-Петербург, ул. Ефимова, дом № 2, ЛитераА, ТРК ""Пик""",30.320827,59.926354,3/28/2007,2018-04-07,338,сквозной проход,32200,ТЦ,нет парковки,1,с 10:00 до 22:00,2,1,1,,7,72,68,-
42161,"г. Санкт-Петербург, ул. Ленсовета, дом № 97, Литера А, ТРЦ ""Континент""",30.347737,59.832382,6/12/2014,,277,без сквозного прохода,100000,ТЦ,бесплатная парковка,1,с 10:00 до 22:00,3,1,0,1,9,53,77,Обучающая
42163,"г. Санкт-Петербург, ул. Одоевского, дом № 29, ТК ""Приморский""",30.234984,59.948167,4/3/2007,,110,отдельный вход с улицы + сквозной проход,,Мини-ТЦ,нет парковки,1,с 10:00 до 21:00,3,0,0,,5,48,49,Обучающая
42176,"г. Санкт-Петербург, ул. Прибрежная, дом № 20, Литера А, ТБК ""Парад""",30.505484,59.832019,2/26/2005,,300,отдельный вход с улицы,15000,ТЦ,бесплатная парковка,3,с 10:00 до 21:00,2,1,1,,4,48,67,Тестовая
42179,"г. Санкт-Петербург, ул. Савушкина, дом № 141, ТЦ ""Меркурий""",30.205780,59.990899,9/24/2006,,138,без сквозного прохода,96651,ТЦ,бесплатная парковка,1,с 10:00 до 22:00,3,1,1,,10,92,101,Тестовая
42189,"г. Санкт-Петербург, ул. Савушкина, дом № 6а",30.298755,59.986254,7/28/2008,,248,отдельный вход с улицы,,Street,,1,с 10:00 до 22:00,,0,0,,,26,71,Обучающая
42191,"г. Санкт-Петербург, ул. Садовая, дом № 31",30.322093,59.928884,11/29/2005,,162,отдельный вход с улицы,,Стрит,,1,с 10:00 до 21:00,,0,0,0,,27,55,Обучающая
42192,"г. Санкт-Петербург,ул. Ленсовета, дом № 101, Литера А, ТРК ""Континент""",30.348522,59.831734,12/23/2012,2017-08-01,321,сквозной проход,,Мини ТЦ,бесплатная парковка,1,с 10:00 до 22:00,3,0,1,,9,33,64,-
42194,"Ивановская обл, г. Иваново, ул. 8 Марта, дом № 32, ТРЦ ""Серебряный город""",40.985302,57.005500,11/5/2005,,263,без сквозного прохода,107000,ТЦ,бесплатная парковка,1,с 10:00 до 22:00,3,1,1,,11,53,76,Тестовая
42201,"Ивановская обл, г. Иваново, ул. Куконковых, дом № 141, ТРЦ ""ЕВРОЛЭНД""",41.025251,56.965947,12/30/2011,,307,без сквозного прохода,140000,ТЦ,бесплатная парковка,1,с 10:00 до 22:00,1,0,1,,12,22,55,Тестовая
42204,"Иркутская обл, г. Иркутск, ул. 3 Июля, дом № 25, ТРК ""Модный Квартал""",104.290721,52.273268,3/16/2016,,360,без сквозного прохода,38700,ТЦ,бесплатная парковка,1,с 10:00 до 22:00,3,0,0,0,7,68,80,-
42214,"Иркутская обл, Иркутск г, Сергеева ул, дом № 3\5",104.226805,52.265976,1/29/2018,,346,без сквозного прохода,28280,ТЦ,бесплатная парковка,1,с 10:00 до 22:00,3,1,0,,9,53,62,Обучающая
42217,"Калининградская обл, г. Калининград, ул. Театральная, дом № 30, ТРЦ ""Европа-Центр""",20.500255,54.718078,6/14/2009,,287,отдельный вход с улицы,60007,ТЦ,бесплатная парковка,1,Вс-Чт c 10:00 до 21:00    Пт-Сб с 10:00 до 22:00,3,0,1,,9,108,83,Тестовая
42219,"Калужская обл, г. Калуга, ул. Кирова, дом № 20, МФК ""На Рылеева""",36.249798,54.514880,11/25/2012,,545,отдельный вход с улицы,6000,Мини ТЦ,нет парковки,1,с 10:00 до 21:00,3,0,1,,7,49,72,Обучающая
42220,"Камчатский край, г. Петропавловск-Камчатский, пр. Победы, дом № 67, корпус 1, ТЦ ""Шамса""",158.587359,53.071978,#VALUE!,,1488,сквозной проход,9000,ТЦ,бесплатная парковка,цоколь,с 10:00 до 21:00,,0,0,,8,37,63,Обучающая
42224,"Камчатский край, г. Петропавловск-Камчатский, ул. Пограничная, дом № 2, ТЦ ""Галант-Сити 2""",158.662682,53.035881,2/17/2015,,355,без сквозного прохода,9000,ТЦ,бесплатная парковка,1,Пн-Сб c 10:00 до 20:00 Вс с 10:00 до 19:00 ,,0,1,,10,54,74,Тестовая
42235,"Карелия Респ, Петрозаводск г, Лесной пр-кт, дом № 47А",34.308074,61.775447,7/7/2018,,490,сквозной проход,105000,ТЦ,бесплатная парковка,1,с 10:00 до 22:00,,0,0,1,8,64,73,Обучающая
42237,"Кемеровская обл, г. Новокузнецк, ул. Доз, дом № 10А",87.125084,53.780192,6/16/2012,,401,сквозной проход,150000,ТЦ,бесплатная парковка,1,с 10:00 до 22:00,3,0,0,1,8,33,61,Обучающая
42238,"Кемеровская обл, г. Новокузнецк, ул. Кирова, дом № 55, ТРК ""Сити Молл""",87.138038,53.758665,9/19/2012,,413,отдельный вход с улицы,85840,ТЦ,бесплатная парковка,1,с 10:00 до 22:00,3,0,0,1,5,39,76,Обучающая
42240,"Краснодарский край, Адлерский р-он, г. Сочи, ул. Кирова, дом № 58, ТЦ ""PLAZA""",39.926853,43.427665,10/5/2011,,292,без сквозного прохода,30000,ТЦ,платная парковка,3,с 10:00 до 21:00,3,1,1,,10,86,72,Тестовая
42242,"Краснодарский край, Анапский р-он, г. Анапа, ул. Северная, дом № 1/В, ТРЦ ""Проспект""",37.321398,44.901369,4/29/2011,,420,отдельный вход с улицы + сквозной проход,3500,Мини ТЦ,бесплатная парковка,1,с 10:00 до 21:00,1,0,1,,4,28,64,Обучающая
42248,"Краснодарский край, г. Краснодар, ул. Головатого, дом № 313А",38.974424,45.039515,9/10/2009,,422,без сквозного прохода,145000,ТЦ,платная парковка,1,с 10:00 до 22:00,3,0,0,1,10,182,83,Обучающая
42253,"Краснодарский край, г. Краснодар, ул. Уральская, дом № 79/1, ТРК ""СБС Мегамолл""",39.050053,45.035407,10/5/2011,,249,сквозной проход,178000,ТЦ,бесплатная парковка,1,с 10:00 до 22:00,2,1,3,,10,66,71,Тестовая
42263,"Краснодарский край, г. Новороссийск, Анапское ш., дом № 2, ТРЦ ""Красная площадь""",37.763207,44.725321,12/8/2008,,193,без сквозного прохода,44000,ТЦ,платная парковка,1,с 10:00 до 22:00,3,1,0,,4,66,80,Тестовая
42265,"Краснодарский край, г. Новороссийск, пр. Дзержинского, дом № 211, ТЦ ""Перекрёсток""",37.778146,44.684031,3/3/2008,,369,без сквозного прохода,3600,ТЦ,бесплатная парковка,1,с 10:00 до 21:00,2,0,1,,7,20,63,Тестовая
42276,"Краснодарский край, г. Сочи, Лесной пер., дом № 27, Московский ЦУМ",39.723574,43.593275,9/10/2008,,193,единственный вход в ТК,4100,Мини ТЦ,нет парковки,1,с 10:00 до 21:00,3,1,0,,7,40,73,Обучающая
42278,"Краснодарский край, г. Сочи, п. Лазаревское, ул. Павлова, дом № 40, ТЦ ""ПАВЛОВСКИЙ""",39.335924,43.911720,12/15/2013,,356,отдельный вход с улицы,3600,Мини ТЦ,бесплатная парковка,1,c 10-00 до 21-00,2,0,0,,6,12,49,Обучающая
42288,"Краснодарский край, г. Сочи, ул. Навагинская, дом № 12",39.723699,43.587014,4/6/2002,,172,отдельный вход с улицы,,Street,,1,с 9:00 до 21:00,,0,1,0,,30,78,Тестовая
42298,"Краснодарский край, г. Сочи, ул. Новая Заря, дом № 7, ТРК ""МореМолл""",39.732367,43.606535,11/23/2011,,321,без сквозного прохода,167680,ТЦ,бесплатная парковка,1,с 10:00 до 22:00,3,0,0,1,5,113,79,Обучающая
42304,"Краснодарский край, Краснодар г, Крылатая ул, дом № 2, ТРК ""OZ МОЛЛ""",39.122506,45.011617,1/3/2014,,387,без сквозного прохода,227000,ТЦ,бесплатная парковка,1,с 10:00 до 22:00,0,0,1,1,3,32,57,Обучающая
42306,"Красноярский край , г. Красноярск, Центральный р-он , пр. Мира, дом № 80А, ТЦ ""Авеню""",92.870799,56.012581,4/15/2009,,349,отдельный вход с улицы,5400,ТЦ,нет парковки,1,с 10:00 до 21:00,2,0,0,,5,39,78,Обучающая
42312,"Красноярский край, г. Норильск, пл. Металлургов, дом № 10, СРК ""Арена""",88.182779,69.358932,7/15/2013,,455,без сквозного прохода,28324,ТЦ,бесплатная парковка,1,с 10:00 до 22:00,3,1,0,,8,69,71,Обучающая
42314,"Красноярский край, Красноярск г, 9 Мая ул, дом № 77, ТРЦ ""Планета""",92.904378,56.050903,2/18/2014,,616,без сквозного прохода,107000,ТЦ,бесплатная парковка,1,с 10:00 до 22:00,3,1,0,2,11,84,78,Обучающая
42316,"Курская обл, г. Курск, ул. Карла Маркса, дом № 59, ТЦ ""Европа""",36.188407,91.758249,8/12/2013,,358,без сквозного прохода,42000,ТЦ,бесплатная парковка,1,с 10:00 до 22:00,3,1,0,,8,37,58,Тестовая
42319,"Курская обл, г. Курск, ул. Карла Маркса, дом № 6, ТЦ ""Европа""",36.191724,51.748903000000006,1/26/2019,,715,сквозной проход,,ТЦ,бесплатная парковка,1,,2,0,1,,14,42,74,Обучающая
42330,"Ленинградская обл, Всеволожский р-н, Кудрово д, Мурманское шоссе 12-й км, дом № строение 1А, ТРЦ ""МЕГА Дыбенко""",30.518168,59.894603,7/7/2016,,398,без сквозного прохода,177000,ТЦ,бесплатная парковка,1,Вс-Чт с 10:00 до 22:00 Пт-Сб с 10:00 до 23:00,3,0,0,,7,14,75,Тестовая
42332,"Ленинградская обл, Всеволожский р-он, Новодевяткинское сельское поселение, дер. Новое Девяткино, ул. Главная, дом № 60",30.483691,60.058309,3/5/2008,,329,без сквозного прохода,17700,ТЦ,бесплатная парковка,1,с 10:00 до 21:00,1,1,1,,5,17,50,Тестовая
42340,"Ленинградская обл, Всеволожский р-он, пр.Энгельса, пересечение с КАД",30.379675,60.092002,12/7/2017,,1025,без сквозного прохода,127149,ТЦ,бесплатная парковка,1,Вс-Чт с 10:00 до 22:00 Пт-Сб с 10:00 до 23:00,3,0,0,0,5,55,80,-
42345,"Ленинградская обл, г. Выборг, ул. Северная, дом № 12",28.750976,60.711041,6/1/2006,,150,отдельный вход с улицы,,Strееt,,3,с 10:00 до 21:00,,0,1,,,23,46,Тестовая
42355,"Ленинградская обл, г. Пушкин, ул. Московская, дом № 25а, ""Гостиный двор""",30.405942,59.719542,4/24/2005,,239,отдельный вход с улицы,6500,Мини-ТЦ,бесплатная парковка,1,с 10:00 до 21:00,,0,0,,2,89,73,Тестовая
42363,"Ленинградская обл, Гатчинский р-н, Гатчина г, Пушкинское ш, дом № 15, ТРК ""Кубус""",30.149559,59.585025,12/18/2015,,429,без сквозного прохода,35000,ТЦ,бесплатная парковка,1,с 10:00 до 21:00,3,1,0,0,10,28,60,Обучающая
42368,"Ленинградская обл, Гатчинский р-он, г. Гатчина, ул. Красная, дом № 5, корпус 1, ТЦ ""Галерея""",30.122856,59.565871,11/11/2013,,248,отдельный вход с улицы,,Мини ТЦ,бесплатная парковка,1,с 10:00 до 21:00,,0,0,,9,29,62,Тестовая
42375,"Липецкая обл, г. Липецк, ул. Советская, дом № 66, ТРЦ ""Европа""",39.577930,52.605818,4/4/2012,,323,без сквозного прохода,60000,ТЦ,бесплатная парковка,1,с 10:00 до 22:00,3,1,1,,10,56,59,Тестовая
42379,"М.О. г. Королев, пр. Космонавтов, дом № 20А, ТЦ ""Гелиос""",37.866600,55.914300,6/9/2014,,444,без сквозного прохода,26000,ТЦ,платная парковка,2,с 10:00 до 21:00,,0,1,,10,37,64,Обучающая
42383,"М.О. г. Мытищи, Шараповский проезд, 1, ""ТЦ ""Круиз""",37.761646,55.914736,7/12/2010,2017-07-22,236,без сквозного прохода,2000,Мини ТЦ,нет парковки,1,с 10:00 до 22:00,3,0,1,,8,29,64,-
42388,"М.О. г. Электросталь, пр. Ленина, 0/10, ТЦ ""Эльград""",38.437642,55.799296,2/11/2008,2017-10-23,377,без сквозного прохода,60000,ТЦ,бесплатная парковка,,с 10:00 до 22:00,3,1,0,,7,41,51,-
42389,"Магаданская область, Магадан г., Карла Маркса пр., дом № 38, ТРЦ ""Восход""",150.803786,59.563945999999994,4/22/2017,,386,отдельный вход с улицы + сквозной проход,,ТЦ,бесплатная парковка,1,,2,1,1,,11,52,58,Обучающая
42399,"Москва г, Кожуховская 7-я ул, дом № владения 3 А, 5, ТК ""МОЗАИКА""",37.675100,55.710687,3/25/2017,,556,без сквозного прохода,134000,ТЦ,бесплатная парковка,1,с 10:00 до 22:00,0,0,0,0,7,26,72,Обучающая
42402,"Москва г, Мира пр-кт, дом № 211 корп.2, ТРЦ ""Золотой Вавилон""",37.660398,55.844510,4/2/2016,,370,без сквозного прохода,241000,ТЦ,бесплатная парковка,1,с 10:00 до 22:00,2,1,1,2,10,42,73,Обучающая
42406,"Москва г, Новинский б-р, дом № 8, ТЦ ""Лотте Плаза""",37.584156,55.751554000000006,4/2/2019,,752,единственный вход в ТК,,ТЦ,платная парковка,1,,2,1,0,,12,40,73,Тест
42417,"Москва г, Ходынский б-р, дом № 4, ТЦ ""Авиапарк""",37.530419,55.790114,12/23/2016,,548,без сквозного прохода,390000,ТЦ,бесплатная парковка,1,Вс-Чт с 10:00 до 22:00 Пт-Сб с 10:00 до 23:00,3,0,0,1,11,79,78,Обучающая
42419,"Москва г, Чечерский (п Воскресенское) проезд, дом № 51, ТРЦ ""Бутово Молл""",37.51678,55.524269,7/26/2017,,905,без сквозного прохода,,ТЦ,бесплатная парковка,1,,2,0,0,,12,33,86,Тестовая
42420,"Московская обл, Одинцовский р-н, Немчиновка с, Хорошевский проезд, дом № 14, ТРК ""Вегас Кунцево""",37.380346,55.720082999999995,8/18/2018,,900,без сквозного прохода,,ТЦ,1000,1,,2,1,0,,12,248,90,Обучающая
42422,"Московская обл, Раменский р-он, г. Раменское, ул. Советская, дом № 2а",38.228595,55.566122,5/7/2011,,192,единственный вход в ТК,700,Мини ТЦ,нет парковки,1,с 10:00 до 22:00,,0,1,,8,43,58,Тестовая
42430,"Московская обл, Солнечногорский р-н, Ржавки рп, 2-й мкр,, ТРЦ ""Зеленопарк""",37.224181,56.015108,10/4/2013,,555,без сквозного прохода,140000,ТЦ,бесплатная парковка,1,с 10:00 до 22:00,0,0,0,1,4,20,70,Обучающая
42432,"Московская обл, Химки г, ИКЕА мкр, корпус 2, ТРЦ ""МЕГА Химки""",37.398023,55.910803,2/22/2016,,639,без сквозного прохода,210600,ТЦ,бесплатная парковка,1,Вс-Чт с 10:00 до 23:00 Пт-Сб с 10:00 до 24:00,3,1,1,,9,39,93,Тестовая
42437,"Московская область, г. Серпухов. ул. Советская, владение 111",,,5/23/2017,,341,,21800,ТЦ,,1,,,0,0,,4,51,63,Тестовая
42438,"Московская область, Мытищи, Шараповский проезд, 2",37.75903,55.916592,12/26/2013,,339,без сквозного прохода,30000,ТЦ,платная парковка,,с 10:00 до 22:00,3,1,0,,9,53,73,Обучающая
42443,"Московская область, Пушкино, ул Красноармейское шоссе, 104",,,11/16/2016,,661,,28000,ТЦ,,1,,,0,1,,2,22,55,Тестовая
42447,"Мурманская обл, г. Мурманск, пр. Ленина, дом № 32",33.067489,68.956872,11/9/2012,,602,без сквозного прохода,80000,ТЦ,бесплатная парковка,1,с 10:00 до 22:00,3,1,1,,10,91,82,Тестовая
42458,"Мурманская обл, г. Мурманск, ул. Ленина, дом № 69, ТЦ ""Дом Торговли""",33.074807,68.968507,11/21/2006,,223,без сквозного прохода,1917,Мини ТЦ,нет парковки,1,с 11:00 до 21:00,3,1,1,,7,28,70,Обучающая
42460,"Нижегородская область, Нижний Новгород, Большая Покровская улица, 82",43.987373,56.30884,4/13/2016,,287,без сквозного прохода,131000,ТЦ,бесплатная парковка,1,с 10:00 до 22:00,3,1,1,1,9,50,82,Обучающая
42465,"Новгородская обл, Великий Новгород г, Ломоносова ул, дом № 29",31.242894,58.531554,8/11/2016,,277,без сквозного прохода,50890,ТЦ,бесплатная парковка,2,с 10:00 до 21:00,3,1,1,1,4,44,59,Обучающая
42466,"Новгородская обл, г. Великий Новгород, ул. Газон, дом № 3\1, ТРК ""Парадиз""",31.271550,58.524624,4/14/2011,,375,отдельный вход с улицы,,Стрит,бесплатная парковка,3,с 10:00 до 21:00,,0,1,,,22,49,Тестовая
42469,"Новосибирская обл, г. Новосибирск, ул. Ватутина, дом № 107",82.936774,54.964303,9/25/2010,,234,без сквозного прохода,103441,ТЦ,бесплатная парковка,1,с 10:00 до 22:00,3,1,0,,10,61,37,Тестовая
42476,"Новосибирская обл, г. Новосибирск, ул. Военная, дом № 5, ТРЦ ""АУРА""",82.936429,55.028574,11/8/2008,,261,без сквозного прохода,150000,ТЦ,бесплатная парковка,1,с 10:00 до 22:00,3,1,0,1,3,42,71,Обучающая
42478,"Новосибирская обл, г. Новосибирск, ул. Гоголя, дом № 13, ТРЦ ""Галерея""",82.922334,55.043721,5/8/2013,,492,без сквозного прохода,125300,ТЦ,бесплатная парковка,3,с 10:00 до 22:00,2,1,0,1,8,53,63,Обучающая
42481,"Новосибирская обл, Новосибирск г, Красный пр-кт, дом № 29",82.919389,55.031426,4/18/2018,,430,без сквозного прохода,,Street,бесплатная парковка,1,с 10:00 до 22:00,2,1,0,,,25,77,Обучающая
42482,"Омская обл, г. Омск, бул. Архитекторов, дом № 35, СТЦ Мега",73.284987,54.971937,7/16/2012,,319,без сквозного прохода,154000,ТЦ,бесплатная парковка,2,с 10:00 до 22:00,3,0,0,2,9,57,49,Обучающая
42484,"Омская обл, г. Омск, пр. Карла Маркса, дом № 24, ТВЦ ""Каскад""",73.384795,54.962876,12/21/2098,,1026,сквозной проход,32500,ТЦ,бесплатная парковка,1,с 10:00 до 22:00,,0,1,,6,29,71,Тестовая
42486,"Омская обл, г. Омск, ул. Интернациональная, дом № 43, ТЦ ""Омский""",73.373422,54.992317,12/17/2006,,195,без сквозного прохода,32000,ТЦ,бесплатная парковка,1,с 10:00 до 21:00,2,1,1,,6,41,59,Тестовая
42496,"Омская обл, г. Омск, ул. Масленникова, дом № 28",73.386644,54.972687,4/27/2012,,298,без сквозного прохода,19200,Мини ТЦ,бесплатная парковка,1,Пн-Сб с 10:00 до 20:00 Вс с 10:00 до 19:00,,1,1,,9,10,42,Обучающая
42499,"Оренбургская обл, г. Оренбург, ул. Володарского, дом № 20",55.102543,51.768377,2/11/2007,,272,отдельный вход с улицы,,Street,,1,с 10:00 до 21:00,2,0,1,,,44,69,Тестовая
42504,"Оренбургская обл, г. Оренбург, ул. Ленинская/Пролетарская, дом № 39/18, ТК ""Успех""",55.104088,51.761131,12/22/2013,,391,отдельный вход с улицы + сквозной проход,3800,Мини ТЦ,нет парковки,1,с 10:00 до 21:00,,0,0,,8,66,61,Обучающая
42505,"Пензенская обл, г. Пенза, ул. Московская, дом № 86, Литера А",45.017022,53.197092,9/24/2011,,311,отдельный вход с улицы,,Street,,1,с 10:00 до 21:00,3,0,0,,,27,63,Обучающая
42509,"Пермь, улица Революции 13к2",,,4/10/2018,,1128,сквозной проход,82394,ТЦ,платная парковка,1,,3,1,1,2,14,28,64,Обучающая
42525,"Приморский край, Владивосток г, Полетаева ул, дом № 6, ТРК ""Седанка Сити""",131.951234,43.212639,6/16/2018,,527,без сквозного прохода,94000,ТЦ,бесплатная парковка,1,Вс-Чт с 10:00 до 21:00     Пт-Сб с  10:00 до 22:00,2,1,0,,3,30,74,Тестовая
42533,"респ. Адыгея,Тахтамукайский р-он, аул Новая Адыгея,Тургеневское шоссе, 27, ТЦ ""МЕГА Адыгея""",38.929328,45.013084,4/25/2009,,258,без сквозного прохода,124700,ТЦ,бесплатная парковка,1,с 10:00 до 22:00,3,0,0,0,6,47,67,Обучающая
42535,"Респ. Башкортостан, г. Уфа , ул. Энтузиастов, дом № 18, ТРЦ ""ПЛАНЕТА""",56.035874,54.757363,12/6/2015,,499,без сквозного прохода,154000,ТЦ,бесплатная парковка,1,с 10:00 до 22:00,3,1,0,2,10,63,62,Обучающая
42538,"Респ. Башкортостан, г. Уфа , ул. Энтузиастов, дом № 20, ТРЦ ""ПЛАНЕТА""",56.034766,54.756985,3/23/2016,,580,без сквозного прохода,154000,ТЦ,бесплатная парковка,1,с 10:00 до 22:00,,0,0,2,1,42,69,Обучающая
42541,"Респ. Башкортостан, Уфимский р-он, г. Уфа, пр. Октября, дом № 4, корпус 1, ЦТИР ""МИР""",55.987365,54.741249,4/29/2013,,288,без сквозного прохода,50375,ТЦ,нет парковки,1,с 10:00 до 22:00,1,1,0,1,7,73,68,Обучающая
42546,"Респ. Башкортостан, Уфимский р-он, г. Уфа, ул. Карла Маркса, дом № 23, ЦУМ",55.940446,54.725815,4/26/2004,2018-01-11,276,без сквозного прохода,5700,ТЦ,нет парковки,1,с 10:00 до 21:00,,0,0,,4,20,54,-
42548,"Респ. Бурятия, г. Улан-Удэ, ул. Ленина, дом № 24, магазин ""Все для Женщин""",107.584862,51.827084,8/11/2012,,247,отдельный вход с улицы,,Мини ТЦ,нет парковки,1,с 10:00 до 21:00,,0,1,,9,38,57,Тестовая
42553,"Респ. Кабардино-Балкария, г. Нальчик, ул. Ленина, дом № 34",43.608527,43.485108,5/15/2009,,218,без сквозного прохода,4848,ТЦ,бесплатная парковка,1,с 10:00 до 21:00,,0,1,,5,104,73,Обучающая
42556,"Респ. Карачаево-Черкессия, г. Черкесск, пр. Ленина, дом № 25, ТРЦ ""Россия""",42.043814,44.209891,4/11/2014,,404,без сквозного прохода,15000,ТЦ,платная парковка,1,с 10:00 до 22:00,2,0,1,,5,47,56,Тестовая
42567,"Респ. Карелия, г. Петрозаводск, пр. Ленина, дом № 14",34.364422,61.791354,1/4/2014,,374,без сквозного прохода,55755,ТЦ,бесплатная парковка,1,с 10:00 до 21:00,3,1,1,,7,72,83,Тестовая
42590,"Респ. Коми, г. Сыктывкар, Октябрьский пр., дом № 141, ТРЦ ""Макси""",50.802047,61.698640,12/24/2013,,413,сквозной проход,44000,ТЦ,бесплатная парковка,1,с 10:00 до 21:00,3,1,1,,14,44,64,Тестовая
42595,"Респ. Коми, г. Сыктывкар, ул. Коммунистическая, дом № 50, ТРЦ ""Парма""",50.804167,61.661978,7/9/2013,,465,без сквозного прохода,21000,ТЦ,бесплатная парковка,1,с 10:00 до 22:00,1,1,1,,4,46,63,Тестовая
42597,"Респ. Северная Осетия, г. Владикавказ, ул. Генерала Плиева, дом № 17, ЦУМ",44.677235,43.019324,12/15/2015,,361,без сквозного прохода,10000,ТЦ,100,2,с 9:00 до 21:00,2,0,1,0,6,42,74,Обучающая
42598,"Респ. Татарстан, г. Казань, пр. Ибрагимова, дом № 56, ТРК ""Тандем""",49.093290,55.821254,1/6/2017,,934,единственный вход в ТК,,Мини ТЦ,бесплатная парковка,,с 10:00 до 22:00,3,0,0,,10,35,70,Обучающая
42605,"Респ. Татарстан, г. Казань, пр. Ямашева, дом № 46/33",49.118640,55.829567,11/23/2012,,283,без сквозного прохода,69560,ТЦ,бесплатная парковка,2,с 10:00 до 22:00,3,0,1,1,12,61,63,Обучающая
42608,"Респ. Татарстан, г. Казань, ул. Петербургская, дом № 1, ТЦ ""Кольцо""",49.139559,55.778671,5/30/2009,,297,сквозной проход,46800,ТЦ,платная парковка,цоколь,с 10:00 до 22:00,0,0,0,1,9,96,68,Обучающая
42618,"Респ. Татарстан, г. Набережные Челны, бул. Энтузиастов, дом № 16",52.421269,55.744911,7/2/2004,,215,без сквозного прохода,8000,Мини ТЦ,бесплатная парковка,1,с 10:00 до 21:00,3,1,0,,8,33,56,Тестовая
42637,"Респ. Татарстан, г. Набережные Челны, пр. Сююмбике, дом № 2/19, ТЦ ""Омега""",52.392281,55.730781,12/5/2005,,196,без сквозного прохода,57000,ТЦ,бесплатная парковка,1,с 9:00 до 21:00,3,0,0,1,9,62,70,Обучающая
42645,"Респ. Татарстан, г. Нижнекамск, ул. Химиков, дом № 49, ТЦ ""Рамус""",51.814376,55.631285,4/16/2006,,255,без сквозного прохода,2887,Мини ТЦ,бесплатная парковка,1,с 9:00 до 21:00,3,1,1,,10,30,55,Обучающая
42663,"Респ. Татарстан, Нижнекамский р-он, г. Нижнекамск, пр. Химиков, дом № 18А, корпус 2, ТЦ ""Сити Молл""",51.814376,55.631285,1/13/2014,,288,без сквозного прохода,19000,ТЦ,700,1,c 9:00 до 21:00,3,0,1,,11,26,58,Обучающая
42665,"Респ. Чувашия, г. Чебоксары, ул. Ленинского Комсомола, дом № 21а",47.280831,56.107393,11/23/2012,,413,без сквозного прохода,43000,ТЦ,бесплатная парковка,1,с 10:00 до 22:00,3,1,1,,10,35,65,Тестовая
42667,"Республика Башкортостан, г.Уфа, ул. Рубежная, д.174",,,12/3/2015,,640,сквозной проход,82394,ТЦ,бесплатная парковка,1,,,0,1,,1,49,72,Обучающая
42668,"Республика Северная Осетия — Алания, Владикавказ, Московское шоссе, 3К",44.642685,43.033586,12/21/2015,,313,без сквозного прохода,28000,ТЦ,бесплатная парковка,1,с 10:00 до 22:00,2,0,0,,4,18,50,Тестовая
42678,"Россия, Вологодская область, Вологда, Пошехонское шоссе, 22",39.859246,59.197233,2/27/2017,,388,сквозной проход,40500,ТЦ,бесплатная парковка,1,с 9:00 до 21:00,3,1,0,1,11,51,64,Обучающая
42680,"Россия, Москва, Москва, Ленинградское шоссе, 16Ас4",37.4978,55.823292,10/27/2018,,614,сквозной проход,209000,ТЦ,платная парковка,1,с 10:00 до 23:00,3,0,0,3,9,58,85,Обучающая
42681,"Россия, Москва, Москва, Славянский бульвар, вл3",37.475971,55.727911,4/3/2016,,717,без сквозного прохода,137000,ТЦ,платная парковка,1,Вс-Чт с 10:00 до 22:00    Пт-Сб с 10:00 до 23:00,3,1,1,,9,60,72,Тестовая
42683,"Россия, Пензенская область, Пенза, проспект Строителей, 1В",44.951652,53.220492,12/27/2013,,578,без сквозного прохода,54500,ТЦ,бесплатная парковка,1,с 10:00 до 22:00,3,1,0,1,8,34,61,Обучающая
42683,"Россия, Пермский край, Пермь, улица Попова, 16",56.228132,58.008433,7/15/2012,,277,без сквозного прохода,6400,Мини ТЦ,нет парковки,1,с 10:00 до 21:00,,0,0,,8,33,64,Обучающая
42689,"Россия, Псковская область, Псков, улица Кузбасской Дивизии, 19",28.290748,57.823187,6/13/2017,,437,сквозной проход,62000,ТЦ,бесплатная парковка,1,с 10:00 до 21:00,2,1,1,,8,43,67,Тестовая
42691,"Россия, Псковская область, Псков, Юбилейная улица, 68",28.291389,57.821479,2/26/2010,,237,сквозной проход,14500,ТЦ,бесплатная парковка,1,c 9:00 до 21:00,,0,0,,7,45,69,Обучающая
42694,"Россия, Сахалинская область, Южно-Сахалинск, 2-я Центральная улица, 1Б",142.742263,46.900256,2/4/2014,,611,сквозной проход,64000,ТЦ,бесплатная парковка,1,с 10:00 до 21:00,0,1,0,0,10,63,72,Обучающая
42696,"Россия, Свердловская область, Екатеринбург, улица Металлургов, 87",60.505406,56.823631,10/3/2016,,482,без сквозного прохода,127000,ТЦ,бесплатная парковка,1,с 10:00 до 22:00,2,1,0,,8,32,69,Тестовая
42706,"Россия, Свердловская область, Екатеринбург, улица Репина, 94",60.538536,56.817178,7/19/2019,2017-12-31,446,без сквозного прохода,113163,ТЦ,бесплатная парковка,1,с 10:00 до 22:00,3,1,1,,11,23,63,-
42709,"Россия, Хабаровск, улица Суворова, 25А",135.107487,48.396744,1/28/2017,,776,без сквозного прохода,25000,ТЦ,бесплатная парковка,2,с 10:00 до 21:00,3,1,1,,10,17,66,Обучающая
42711,"Ростовская обл, Аксайский р-он, г. Аксай, Аксайский пер., дом № 23",39.846266,47.290088,3/26/2015,,397,отдельный вход с улицы + сквозной проход,130000,ТЦ,бесплатная парковка,1,с 10:00 до 22:00,3,1,0,,9,75,51,Тестовая
42712,"Ростовская обл, г. Ростов-на-Дону, пр. Михаила Нагибина, дом № 32/2",39.719882,47.259348,9/9/2014,,295,единственный вход в ТК,132730,ТЦ,бесплатная парковка,1,с 10:00 до 22:00,3,1,0,0,8,81,99,Обучающая
42720,"Ростовская обл, г. Ростов-на-Дону, ул. Большая Садовая, дом № 46, ЦУМ",39.700000,47.216667,6/1/2006,,305,сквозной проход,9000,Мини ТЦ,нет парковки,1,с 10:00 до 21:00,,0,0,1,10,93,80,Обучающая
42722,"Ростовская обл, г. Таганрог, Гоголевский пер., дом № 2-2, ТЦ ""Сити Центр""",38.920300,47.219661,8/19/2010,,363,без сквозного прохода,4500,ТЦ,бесплатная парковка,1,с 10:00 до 21:00,0,0,0,,5,29,59,Обучающая
42724,"Рязанская обл, г. Рязань, Московское ш., дом № 21",39.688818,54.634386,5/10/2010,,447,без сквозного прохода,80000,ТЦ,бесплатная парковка,1,с 10:00 до 22:00,3,0,1,,8,95,74,Тестовая
42730,"Рязанская обл, г. Рязань, ул. Ленина, дом № 9",39.753775,54.623076,5/9/2008,,295,отдельный вход с улицы,,Street,нет парковки,1,с 10:00 до 21:00,,0,0,,,22,51,Обучающая
42732,"Самарская обл, г. Самара, Московское ш., дом № 185А, ТРЦ ""Самолет""",50.220621,53.248729,10/19/2012,,215,без сквозного прохода,30000,ТЦ,бесплатная парковка,1,с 10:00 до 22:00,,0,0,,8,25,60,Обучающая
42733,"Самарская обл, г. Самара, пр. Кирова, дом № 147, ТРК ""Вива Лэнд""",50.263004,53.220568,10/30/2008,,216,без сквозного прохода,68000,ТЦ,бесплатная парковка,1,с 10:00 до 21:00,1,1,0,1,10,78,83,Обучающая
42738,"Самарская обл, г. Самара, ул. Дыбенко, дом № 30, Литера Б, ТРК ""Космопорт""",50.197939,53.207378,5/12/2012,,295,без сквозного прохода,127000,ТЦ,бесплатная парковка,1,с 10:00 до 22:00,,0,0,1,6,66,75,Обучающая
42743,"Самарская обл, г. Самара, ул. Куйбышева, дом № 84, ТЦ ""Молот""",50.088883,53.188616,3/5/2009,,189,без сквозного прохода,1600,Мини ТЦ,нет парковки,1,с 10:00 до 21:00,,0,0,,7,23,61,Обучающая
42745,"Самарская обл, Самара г, Красноармейская ул, дом № 133, ТРК ""Гудок""",50.12771,53.186504000000006,5/2/2017,,1058,без сквозного прохода,,ТЦ,бесплатная парковка,"4,5",,2,1,1,,13,56,75,Тестовая
42746,"Санкт-Петербург г, Брантовская дор, дом № 3, ТРЦ ""Охта Молл""",30.418986,59.940089,1/4/2017,,414,без сквозного прохода,140000,ТЦ,бесплатная парковка,1,с 10:00 до 22:00,1,1,0,0,8,34,56,Обучающая
42758,"Санкт-Петербург,Пулковское ш., дом № 25, корпус 1, ТЦ""Лето""",30.317018,59.819775,11/14/2013,,320,сквозной проход,112279,ТЦ,бесплатная парковка,1,с 10:00 до 22:00,3,0,0,0,6,82,60,Обучающая
42761,"Саратовская обл, г. Саратов, Дачная 3-я остановка",45.972578,51.576111,4/21/2017,,360,без сквозного прохода,102000,ТЦ,бесплатная парковка,1,с 10:00 до 22:00,,0,0,1,13,49,61,Обучающая
42762,"Саратовская обл, г. Саратов, пр. им. Кирова, дом № 27, ТК ""Манеж""",46.026935,51.531343,7/4/2010,,272,без сквозного прохода,6000,ТЦ,нет парковки,1,с 10:00 до 21:00,3,1,1,,10,57,77,Тестовая
42764,"Саратовская обл, г. Саратов, ул. им Зарубина В.С., дом № 167, ТРК ""Триумф Молл""",46.014206,51.541568,6/5/2012,,526,без сквозного прохода,56000,ТЦ,бесплатная парковка,1,с 10:00 до 22:00,3,0,0,1,5,51,63,Обучающая
42774,"Свердловская обл, г. Екатеринбург, ул. 8 Марта, дом № 46, ТРЦ ""Гринвич""",60.598984,56.829098,13.06.1899,,370,без сквозного прохода,225000,ТЦ,платная парковка,2,с 10:00 до 22:00,3,0,0,2,"7,5",65,76,Обучающая
42775,"Свердловская обл, г. Нижний Тагил, ул. Ленина, дом № 22, ТЦ ""Александровский Пассаж""",59.959410,57.908150,2/25/2010,,286,без сквозного прохода,7200,ТЦ,бесплатная парковка,,с 10:00 до 21:00,3,0,0,,9,52,58,Обучающая
42777,"Смоленская обл, г. Смоленск, ул. 25 Сентября, дом № 35А, ТРЦ ""Макси""",32.081740,54.769097,7/15/2015,,325,отдельный вход с улицы + сквозной проход,63750,ТЦ,бесплатная парковка,1,с 9:00 до 21:00,,0,0,1,12,57,65,Обучающая
42780,"Ставропольский край, г. Ставрополь, пр. К. Маркса, дом № 90",41.976486,45.046667,12/2/2001,,91,отдельный вход с улицы,,Street,,1,с 10:00 до 21:00,,0,0,0,,24,68,Обучающая
42788,"Ставропольский край, г. Ставрополь, ул. Дзержинского, дом № 131, ЦУМ",41.971060,45.045126,4/4/2008,,302,сквозной проход,11100,ТЦ,нет парковки,1,с 10:00 до 21:00,3,1,1,,10,67,81,Тестовая
42790,"Ставропольский край, г. Ставрополь, ул. Тухачевского ул, дом № 14, корпус 2, ТРК ""Москва""",41.918418,45.012415,1/17/2010,,239,без сквозного прохода,42000,ТЦ,бесплатная парковка,1,с 10:00 до 22:00,,0,0,0,8,55,73,Обучающая
42792,"Ставропольский край, Пятигорск, улица Крайнего, 56",43.070993,44.036763,11/11/2015,,429,без сквозного прохода,,Street,нет парковки,1,с 10:00 до 21:00,,0,0,,,40,75,Тестовая
42795,"Татарстан Респ, Набережные Челны г, Сююмбике пр-кт, дом № 26, ТЦ ""Санрайз Сити""",52.409473,55.751932,12/23/2018,,692,без сквозного прохода,35000,ТЦ,бесплатная парковка,1,с 10:00 до 22:00,1,1,1,,6,36,60,Тестовая
42800,"Тверская обл, Калининский р-он, г. Тверь, Тверской пр., дом № 9",35.907557,56.858085,11/2/2011,,387,отдельный вход с улицы,,Street,,1,с 10:00 до 21:00,,1,2,,3,31,66,Обучающая
42803,"Томская обл, г. Томск, ул. 1905 года, дом № 14Б, ТК ""Модный базар""",84.949903,56.493785,3/30/2006,,213,отдельный вход с улицы,,Мини ТЦ,бесплатная парковка,1,с 10:00 до 21:00,,0,0,,4,63,73,Тестовая
42810,"Тульская обл, г. Тула, Красноармейский пр., дом № 2",37.610727,54.196778,2/14/2010,,363,отдельный вход с улицы,,Стрт,,1,с 10:00 до 21:00,3,1,0,,,26,60,Обучающая
,"Тульская обл, г. Тула, ул. Советская, дом № 47, ТК ""Гостиный двор""",37.618866,54.191774,3/23/2010,,189,сквозной проход,51000,Мини ТЦ,платная парковка,1,с 10:00 до 22:00,2,0,0,1,2,49,73,Обучающая
42822,"Тульская обл, Тула г, Пролетарский пер, дом № 2",37.634389,54.194208,12/12/2014,,489,сквозной проход,105350,ТЦ,бесплатная парковка,1,с 10:00 до 21:00,,0,0,1,11,52,63,Обучающая
42824,"Тюменская обл, г. Тюмень, ул. 50 лет Октября, дом № 14, ТРЦ ""МАГЕЛЛАН""",65.567184,57.152264,7/31/2014,,387,без сквозного прохода,25300,ТЦ,бесплатная парковка,1,с 10:00 до 22:00,3,1,0,,12,37,73,Обучающая
42826,"Тюменская обл, г. Тюмень, ул. Орджоникидзе, дом № 63А, ""ЦУМ""",65.541416,57.148674,2/8/2016,,424,сквозной проход,20720,ТЦ,бесплатная парковка,20,с 10:00 до 21:00,3,0,0,0,6,60,104,Обучающая
42827,"Ульяновская обл, г. Ульяновск, ул. Карла Маркса, дом № 4А, корпус 1, ТРК ""Версаль""",48.399880,54.317343,6/19/2006,,264,без сквозного прохода,12700,ТЦ,нет парковки,1,с 10:00 до 21:00,3,0,0,,6,38,66,Обучающая
42831,"Хабаровский край, г. Хабаровск, ул. Ким-Ю-Чена, дом № 44, ТРЦ ""МАГАЗИНЫ РАДОСТИ""",135.082894,48.490178,12/4/2009,,288,сквозной проход,18000,ТЦ,бесплатная парковка,2-мая,с 10:00 до 22:00,3,0,0,,8,102,72,Обучающая
42840,"Ханты-Мансийский АО, г. Нижневартовск, ул. Чапаева, дом № 27,",76.595931,60.938933,4/11/2011,,254,без сквозного прохода,36000,ТЦ,бесплатная парковка,1,с 10-00 до 22:00,,0,1,0,11,71,66,Обучающая
42847,"Ханты-Мансийский АО, г. Сургут, Нефтеюганское ш., дом № 1, ТРЦ ""Аура""",73.365733,61.277500,5/9/2015,,464,без сквозного прохода,95000,ТЦ,бесплатная парковка,1,с 10:00 до 22:00,3,0,1,,9,41,84,Тестовая
42848,"Ханты-Мансийский АО, Нижневартовск г, Кузоваткина ул, дом № 17, ТРЦ ""ЮГРА МОЛЛ""",76.546139,60.940624,1/23/2019,,650,без сквозного прохода,57470,ТЦ,бесплатная парковка,1,с 10:00 до 22:00,,0,0,1,8,30,65,Обучающая
42645,"Респ. Татарстан, г. Нижнекамск, ул. Химиков, дом № 49, ТЦ ""Рамус""",51.814376,55.631285,4/16/2006,,255,без сквозного прохода,2887,Мини ТЦ,бесплатная парковка,1,с 9:00 до 21:00,3,1,1,,10,30,55,Обучающая
2633928,"Челябинская обл, г. Магнитогорск, пр. Ленина, дом № 45",58.984873,53.420774,3/9/2007,,320,отдельный вход с улицы,,Street,,1,с 10:00 до 21:00,,1,1,,,17,54,Обyчающая
2633927,"Якутск г, Орджоникидзе ул, дом № 38, ТРК ""Туймаада""",129.72896200000002,62.029059,8/18/2017,,843,без сквозного прохода,,ТЦ,бесплатная паpковка,3,,2,0,1,,11,17,54,Тестовая
2633929,"Ямало-Ненецкий АО, г. Новый Уренгой, ул. Сибирская, 26, ТЦ ""Солнечный""",76.631279,66.082833,8/1/2014,,326,без сквозного прохода,40000,ТЦ,бесплатная парковка,1,с 10:00 до 22:00,3,1,1,,10,36,64,Тестовая
2633930,"Ямало-Ненецкий АО, Ноябрьск г, Советская ул, дом № 95, ТК ""Север""",75.465427,63.20338,4/16/2016,,707,без сквозного прохода,,Мини ТЦ,бесплатная парковка,1,,2,0,1,,1,93,80,Обучающая
2633935,"Ярославская обл, г. Ярославль, ул. Победы, дом № 41, ТРЦ ""Аура""",39.869236,57.626872,9/14/2013,,423,без сквозного прохода,120000,ТЦ,бесплатная парковка,1,с 10:00 до 22:00,3,0,0,2,9,54,72,Обучающая
2633946,"Ярославская обл, г. Ярославль, ул. Свободы, дом № 1/2, ТЦ ""Европа""",39.883707,57.624998,8/28/2008,,290,без сквозного прохода,4000,ТЦ,нет парковки,1,с 10:00 до 21:00,,0,0,,9,27,62,Обучающая
2633948,"Ярославская обл, Ярославский район, Телегинский сельский округ, п/о Щедрино, пос. Нагорный, ул. Дорожная, дом № 6-а, ТЦ""Вернисаж""",39.783545,57.645195,12/12/2006,,319,без сквозного прохода,42000,ТЦ,бесплатная парковка,1,с 10:00 до 22:00,3,1,0,1,7,28,48,Обучающая